match_id,innings,team,opponent,ball,batsman,non_striker,bowler,scored_runs,extras,total,extra_type,wicket,wicket_type,player_out,fielders,winner
656495,1st innings,New Zealand,Australia,0.1,MJ Guptill,BB McCullum,MA Starc,0,0,0,NA,0,NA,NA,NA,0
656495,1st innings,New Zealand,Australia,0.2,MJ Guptill,BB McCullum,MA Starc,1,0,1,NA,0,NA,NA,NA,0
656495,1st innings,New Zealand,Australia,0.3,BB McCullum,MJ Guptill,MA Starc,0,0,0,NA,0,NA,NA,NA,0
656495,1st innings,New Zealand,Australia,0.4,BB McCullum,MJ Guptill,MA Starc,0,0,0,NA,0,NA,NA,NA,0
656495,1st innings,New Zealand,Australia,0.5,BB McCullum,MJ Guptill,MA Starc,0,0,0,NA,1,bowled,BB McCullum,NA,0
656495,1st innings,New Zealand,Australia,0.6,KS Williamson,MJ Guptill,MA Starc,0,0,0,NA,0,NA,NA,NA,0
656495,1st innings,New Zealand,Australia,1.1,MJ Guptill,KS Williamson,JR Hazlewood,1,0,1,NA,0,NA,NA,NA,0
656495,1st innings,New Zealand,Australia,1.2,KS Williamson,MJ Guptill,JR Hazlewood,0,0,0,NA,0,NA,NA,NA,0
656495,1st innings,New Zealand,Australia,1.3,KS Williamson,MJ Guptill,JR Hazlewood,0,0,0,NA,0,NA,NA,NA,0
656495,1st innings,New Zealand,Australia,1.4,KS Williamson,MJ Guptill,JR Hazlewood,0,4,4,legbyes,0,NA,NA,NA,0
656495,1st innings,New Zealand,Australia,1.5,KS Williamson,MJ Guptill,JR Hazlewood,0,0,0,NA,0,NA,NA,NA,0
656495,1st innings,New Zealand,Australia,1.6,KS Williamson,MJ Guptill,JR Hazlewood,0,0,0,NA,0,NA,NA,NA,0
656495,1st innings,New Zealand,Australia,2.1,MJ Guptill,KS Williamson,MA Starc,0,0,0,NA,0,NA,NA,NA,0
656495,1st innings,New Zealand,Australia,2.2,MJ Guptill,KS Williamson,MA Starc,0,0,0,NA,0,NA,NA,NA,0
656495,1st innings,New Zealand,Australia,2.3,MJ Guptill,KS Williamson,MA Starc,0,0,0,NA,0,NA,NA,NA,0
656495,1st innings,New Zealand,Australia,2.4,MJ Guptill,KS Williamson,MA Starc,4,0,4,NA,0,NA,NA,NA,0
656495,1st innings,New Zealand,Australia,2.5,MJ Guptill,KS Williamson,MA Starc,0,0,0,NA,0,NA,NA,NA,0
656495,1st innings,New Zealand,Australia,2.6,MJ Guptill,KS Williamson,MA Starc,1,0,1,NA,0,NA,NA,NA,0
656495,1st innings,New Zealand,Australia,3.1,MJ Guptill,KS Williamson,JR Hazlewood,0,0,0,NA,0,NA,NA,NA,0
656495,1st innings,New Zealand,Australia,3.2,MJ Guptill,KS Williamson,JR Hazlewood,0,0,0,NA,0,NA,NA,NA,0
656495,1st innings,New Zealand,Australia,3.3,MJ Guptill,KS Williamson,JR Hazlewood,0,0,0,NA,0,NA,NA,NA,0
656495,1st innings,New Zealand,Australia,3.4,MJ Guptill,KS Williamson,JR Hazlewood,6,0,6,NA,0,NA,NA,NA,0
656495,1st innings,New Zealand,Australia,3.5,MJ Guptill,KS Williamson,JR Hazlewood,0,0,0,NA,0,NA,NA,NA,0
656495,1st innings,New Zealand,Australia,3.6,MJ Guptill,KS Williamson,JR Hazlewood,0,0,0,NA,0,NA,NA,NA,0
656495,1st innings,New Zealand,Australia,4.1,KS Williamson,MJ Guptill,MA Starc,0,0,0,NA,0,NA,NA,NA,0
656495,1st innings,New Zealand,Australia,4.2,KS Williamson,MJ Guptill,MA Starc,0,0,0,NA,0,NA,NA,NA,0
656495,1st innings,New Zealand,Australia,4.3,KS Williamson,MJ Guptill,MA Starc,0,0,0,NA,0,NA,NA,NA,0
656495,1st innings,New Zealand,Australia,4.4,KS Williamson,MJ Guptill,MA Starc,0,0,0,NA,0,NA,NA,NA,0
656495,1st innings,New Zealand,Australia,4.5,KS Williamson,MJ Guptill,MA Starc,0,0,0,NA,0,NA,NA,NA,0
656495,1st innings,New Zealand,Australia,4.6,KS Williamson,MJ Guptill,MA Starc,1,0,1,NA,0,NA,NA,NA,0
656495,1st innings,New Zealand,Australia,5.1,KS Williamson,MJ Guptill,JR Hazlewood,0,0,0,NA,0,NA,NA,NA,0
656495,1st innings,New Zealand,Australia,5.2,KS Williamson,MJ Guptill,JR Hazlewood,0,0,0,NA,0,NA,NA,NA,0
656495,1st innings,New Zealand,Australia,5.3,KS Williamson,MJ Guptill,JR Hazlewood,1,0,1,NA,0,NA,NA,NA,0
656495,1st innings,New Zealand,Australia,5.4,MJ Guptill,KS Williamson,JR Hazlewood,0,0,0,NA,0,NA,NA,NA,0
656495,1st innings,New Zealand,Australia,5.5,MJ Guptill,KS Williamson,JR Hazlewood,1,0,1,NA,0,NA,NA,NA,0
656495,1st innings,New Zealand,Australia,5.6,KS Williamson,MJ Guptill,JR Hazlewood,2,0,2,NA,0,NA,NA,NA,0
656495,1st innings,New Zealand,Australia,6.1,MJ Guptill,KS Williamson,MA Starc,0,1,1,wides,0,NA,NA,NA,0
656495,1st innings,New Zealand,Australia,6.2,MJ Guptill,KS Williamson,MA Starc,0,0,0,NA,0,NA,NA,NA,0
656495,1st innings,New Zealand,Australia,6.3,MJ Guptill,KS Williamson,MA Starc,0,0,0,NA,0,NA,NA,NA,0
656495,1st innings,New Zealand,Australia,6.4,MJ Guptill,KS Williamson,MA Starc,0,0,0,NA,0,NA,NA,NA,0
656495,1st innings,New Zealand,Australia,6.5,MJ Guptill,KS Williamson,MA Starc,0,0,0,NA,0,NA,NA,NA,0
656495,1st innings,New Zealand,Australia,6.6,MJ Guptill,KS Williamson,MA Starc,0,0,0,NA,0,NA,NA,NA,0
656495,1st innings,New Zealand,Australia,6.7,MJ Guptill,KS Williamson,MA Starc,0,0,0,NA,0,NA,NA,NA,0
656495,1st innings,New Zealand,Australia,7.1,KS Williamson,MJ Guptill,JR Hazlewood,0,0,0,NA,0,NA,NA,NA,0
656495,1st innings,New Zealand,Australia,7.2,KS Williamson,MJ Guptill,JR Hazlewood,0,0,0,NA,0,NA,NA,NA,0
656495,1st innings,New Zealand,Australia,7.3,KS Williamson,MJ Guptill,JR Hazlewood,0,0,0,NA,0,NA,NA,NA,0
656495,1st innings,New Zealand,Australia,7.4,KS Williamson,MJ Guptill,JR Hazlewood,0,0,0,NA,0,NA,NA,NA,0
656495,1st innings,New Zealand,Australia,7.5,KS Williamson,MJ Guptill,JR Hazlewood,0,0,0,NA,0,NA,NA,NA,0
656495,1st innings,New Zealand,Australia,7.6,KS Williamson,MJ Guptill,JR Hazlewood,0,0,0,NA,0,NA,NA,NA,0
656495,1st innings,New Zealand,Australia,8.1,MJ Guptill,KS Williamson,MG Johnson,0,0,0,NA,0,NA,NA,NA,0
656495,1st innings,New Zealand,Australia,8.2,MJ Guptill,KS Williamson,MG Johnson,0,0,0,NA,0,NA,NA,NA,0
656495,1st innings,New Zealand,Australia,8.3,MJ Guptill,KS Williamson,MG Johnson,0,0,0,NA,0,NA,NA,NA,0
656495,1st innings,New Zealand,Australia,8.4,MJ Guptill,KS Williamson,MG Johnson,0,0,0,NA,0,NA,NA,NA,0
656495,1st innings,New Zealand,Australia,8.5,MJ Guptill,KS Williamson,MG Johnson,0,1,1,wides,0,NA,NA,NA,0
656495,1st innings,New Zealand,Australia,8.6,MJ Guptill,KS Williamson,MG Johnson,0,0,0,NA,0,NA,NA,NA,0
656495,1st innings,New Zealand,Australia,8.7,MJ Guptill,KS Williamson,MG Johnson,0,0,0,NA,0,NA,NA,NA,0
656495,1st innings,New Zealand,Australia,9.1,KS Williamson,MJ Guptill,JR Hazlewood,0,0,0,NA,0,NA,NA,NA,0
656495,1st innings,New Zealand,Australia,9.2,KS Williamson,MJ Guptill,JR Hazlewood,4,0,4,NA,0,NA,NA,NA,0
656495,1st innings,New Zealand,Australia,9.3,KS Williamson,MJ Guptill,JR Hazlewood,2,0,2,NA,0,NA,NA,NA,0
656495,1st innings,New Zealand,Australia,9.4,KS Williamson,MJ Guptill,JR Hazlewood,1,0,1,NA,0,NA,NA,NA,0
656495,1st innings,New Zealand,Australia,9.5,MJ Guptill,KS Williamson,JR Hazlewood,0,0,0,NA,0,NA,NA,NA,0
656495,1st innings,New Zealand,Australia,9.6,MJ Guptill,KS Williamson,JR Hazlewood,0,0,0,NA,0,NA,NA,NA,0
656495,1st innings,New Zealand,Australia,10.1,KS Williamson,MJ Guptill,MG Johnson,0,0,0,NA,0,NA,NA,NA,0
656495,1st innings,New Zealand,Australia,10.2,KS Williamson,MJ Guptill,MG Johnson,0,0,0,NA,0,NA,NA,NA,0
656495,1st innings,New Zealand,Australia,10.3,KS Williamson,MJ Guptill,MG Johnson,0,0,0,NA,0,NA,NA,NA,0
656495,1st innings,New Zealand,Australia,10.4,KS Williamson,MJ Guptill,MG Johnson,0,0,0,NA,0,NA,NA,NA,0
656495,1st innings,New Zealand,Australia,10.5,KS Williamson,MJ Guptill,MG Johnson,1,0,1,NA,0,NA,NA,NA,0
656495,1st innings,New Zealand,Australia,10.6,MJ Guptill,KS Williamson,MG Johnson,1,0,1,NA,0,NA,NA,NA,0
656495,1st innings,New Zealand,Australia,11.1,MJ Guptill,KS Williamson,GJ Maxwell,0,0,0,NA,0,NA,NA,NA,0
656495,1st innings,New Zealand,Australia,11.2,MJ Guptill,KS Williamson,GJ Maxwell,0,0,0,NA,1,bowled,MJ Guptill,NA,0
656495,1st innings,New Zealand,Australia,11.3,LRPL Taylor,KS Williamson,GJ Maxwell,4,0,4,NA,0,NA,NA,NA,0
656495,1st innings,New Zealand,Australia,11.4,LRPL Taylor,KS Williamson,GJ Maxwell,0,0,0,NA,0,NA,NA,NA,0
656495,1st innings,New Zealand,Australia,11.5,LRPL Taylor,KS Williamson,GJ Maxwell,1,0,1,NA,0,NA,NA,NA,0
656495,1st innings,New Zealand,Australia,11.6,KS Williamson,LRPL Taylor,GJ Maxwell,0,0,0,NA,0,NA,NA,NA,0
656495,1st innings,New Zealand,Australia,12.1,LRPL Taylor,KS Williamson,MG Johnson,1,0,1,NA,0,NA,NA,NA,0
656495,1st innings,New Zealand,Australia,12.2,KS Williamson,LRPL Taylor,MG Johnson,0,0,0,NA,1,caught and bowled,KS Williamson,NA,0
656495,1st innings,New Zealand,Australia,12.3,GD Elliott,LRPL Taylor,MG Johnson,1,0,1,NA,0,NA,NA,NA,0
656495,1st innings,New Zealand,Australia,12.4,LRPL Taylor,GD Elliott,MG Johnson,0,0,0,NA,0,NA,NA,NA,0
656495,1st innings,New Zealand,Australia,12.5,LRPL Taylor,GD Elliott,MG Johnson,1,0,1,NA,0,NA,NA,NA,0
656495,1st innings,New Zealand,Australia,12.6,GD Elliott,LRPL Taylor,MG Johnson,0,0,0,NA,0,NA,NA,NA,0
656495,1st innings,New Zealand,Australia,13.1,LRPL Taylor,GD Elliott,JR Hazlewood,0,0,0,NA,0,NA,NA,NA,0
656495,1st innings,New Zealand,Australia,13.2,LRPL Taylor,GD Elliott,JR Hazlewood,0,0,0,NA,0,NA,NA,NA,0
656495,1st innings,New Zealand,Australia,13.3,LRPL Taylor,GD Elliott,JR Hazlewood,0,0,0,NA,0,NA,NA,NA,0
656495,1st innings,New Zealand,Australia,13.4,LRPL Taylor,GD Elliott,JR Hazlewood,0,0,0,NA,0,NA,NA,NA,0
656495,1st innings,New Zealand,Australia,13.5,LRPL Taylor,GD Elliott,JR Hazlewood,0,0,0,NA,0,NA,NA,NA,0
656495,1st innings,New Zealand,Australia,13.6,LRPL Taylor,GD Elliott,JR Hazlewood,0,0,0,NA,0,NA,NA,NA,0
656495,1st innings,New Zealand,Australia,14.1,GD Elliott,LRPL Taylor,MG Johnson,0,0,0,NA,0,NA,NA,NA,0
656495,1st innings,New Zealand,Australia,14.2,GD Elliott,LRPL Taylor,MG Johnson,0,0,0,NA,0,NA,NA,NA,0
656495,1st innings,New Zealand,Australia,14.3,GD Elliott,LRPL Taylor,MG Johnson,1,0,1,NA,0,NA,NA,NA,0
656495,1st innings,New Zealand,Australia,14.4,LRPL Taylor,GD Elliott,MG Johnson,3,0,3,NA,0,NA,NA,NA,0
656495,1st innings,New Zealand,Australia,14.5,GD Elliott,LRPL Taylor,MG Johnson,0,0,0,NA,0,NA,NA,NA,0
656495,1st innings,New Zealand,Australia,14.6,GD Elliott,LRPL Taylor,MG Johnson,2,0,2,NA,0,NA,NA,NA,0
656495,1st innings,New Zealand,Australia,15.1,LRPL Taylor,GD Elliott,JR Hazlewood,0,0,0,NA,0,NA,NA,NA,0
656495,1st innings,New Zealand,Australia,15.2,LRPL Taylor,GD Elliott,JR Hazlewood,0,0,0,NA,0,NA,NA,NA,0
656495,1st innings,New Zealand,Australia,15.3,LRPL Taylor,GD Elliott,JR Hazlewood,3,0,3,NA,0,NA,NA,NA,0
656495,1st innings,New Zealand,Australia,15.4,GD Elliott,LRPL Taylor,JR Hazlewood,1,0,1,NA,0,NA,NA,NA,0
656495,1st innings,New Zealand,Australia,15.5,LRPL Taylor,GD Elliott,JR Hazlewood,0,0,0,NA,0,NA,NA,NA,0
656495,1st innings,New Zealand,Australia,15.6,LRPL Taylor,GD Elliott,JR Hazlewood,0,0,0,NA,0,NA,NA,NA,0
656495,1st innings,New Zealand,Australia,16.1,GD Elliott,LRPL Taylor,JP Faulkner,1,0,1,NA,0,NA,NA,NA,0
656495,1st innings,New Zealand,Australia,16.2,LRPL Taylor,GD Elliott,JP Faulkner,0,0,0,NA,0,NA,NA,NA,0
656495,1st innings,New Zealand,Australia,16.3,LRPL Taylor,GD Elliott,JP Faulkner,1,0,1,NA,0,NA,NA,NA,0
656495,1st innings,New Zealand,Australia,16.4,GD Elliott,LRPL Taylor,JP Faulkner,1,0,1,NA,0,NA,NA,NA,0
656495,1st innings,New Zealand,Australia,16.5,LRPL Taylor,GD Elliott,JP Faulkner,0,0,0,NA,0,NA,NA,NA,0
656495,1st innings,New Zealand,Australia,16.6,LRPL Taylor,GD Elliott,JP Faulkner,0,0,0,NA,0,NA,NA,NA,0
656495,1st innings,New Zealand,Australia,17.1,GD Elliott,LRPL Taylor,GJ Maxwell,1,0,1,NA,0,NA,NA,NA,0
656495,1st innings,New Zealand,Australia,17.2,LRPL Taylor,GD Elliott,GJ Maxwell,2,0,2,NA,0,NA,NA,NA,0
656495,1st innings,New Zealand,Australia,17.3,LRPL Taylor,GD Elliott,GJ Maxwell,0,0,0,NA,0,NA,NA,NA,0
656495,1st innings,New Zealand,Australia,17.4,LRPL Taylor,GD Elliott,GJ Maxwell,1,0,1,NA,0,NA,NA,NA,0
656495,1st innings,New Zealand,Australia,17.5,GD Elliott,LRPL Taylor,GJ Maxwell,0,0,0,NA,0,NA,NA,NA,0
656495,1st innings,New Zealand,Australia,17.6,GD Elliott,LRPL Taylor,GJ Maxwell,1,0,1,NA,0,NA,NA,NA,0
656495,1st innings,New Zealand,Australia,18.1,GD Elliott,LRPL Taylor,JP Faulkner,0,0,0,NA,0,NA,NA,NA,0
656495,1st innings,New Zealand,Australia,18.2,GD Elliott,LRPL Taylor,JP Faulkner,2,0,2,NA,0,NA,NA,NA,0
656495,1st innings,New Zealand,Australia,18.3,GD Elliott,LRPL Taylor,JP Faulkner,1,0,1,NA,0,NA,NA,NA,0
656495,1st innings,New Zealand,Australia,18.4,LRPL Taylor,GD Elliott,JP Faulkner,0,0,0,NA,0,NA,NA,NA,0
656495,1st innings,New Zealand,Australia,18.5,LRPL Taylor,GD Elliott,JP Faulkner,0,0,0,NA,0,NA,NA,NA,0
656495,1st innings,New Zealand,Australia,18.6,LRPL Taylor,GD Elliott,JP Faulkner,0,0,0,NA,0,NA,NA,NA,0
656495,1st innings,New Zealand,Australia,19.1,GD Elliott,LRPL Taylor,GJ Maxwell,2,0,2,NA,0,NA,NA,NA,0
656495,1st innings,New Zealand,Australia,19.2,GD Elliott,LRPL Taylor,GJ Maxwell,0,0,0,NA,0,NA,NA,NA,0
656495,1st innings,New Zealand,Australia,19.3,GD Elliott,LRPL Taylor,GJ Maxwell,1,0,1,NA,0,NA,NA,NA,0
656495,1st innings,New Zealand,Australia,19.4,LRPL Taylor,GD Elliott,GJ Maxwell,0,0,0,NA,0,NA,NA,NA,0
656495,1st innings,New Zealand,Australia,19.5,LRPL Taylor,GD Elliott,GJ Maxwell,1,0,1,NA,0,NA,NA,NA,0
656495,1st innings,New Zealand,Australia,19.6,GD Elliott,LRPL Taylor,GJ Maxwell,0,0,0,NA,0,NA,NA,NA,0
656495,1st innings,New Zealand,Australia,20.1,LRPL Taylor,GD Elliott,MA Starc,0,0,0,NA,0,NA,NA,NA,0
656495,1st innings,New Zealand,Australia,20.2,LRPL Taylor,GD Elliott,MA Starc,0,1,1,legbyes,0,NA,NA,NA,0
656495,1st innings,New Zealand,Australia,20.3,GD Elliott,LRPL Taylor,MA Starc,0,0,0,NA,0,NA,NA,NA,0
656495,1st innings,New Zealand,Australia,20.4,GD Elliott,LRPL Taylor,MA Starc,0,0,0,NA,0,NA,NA,NA,0
656495,1st innings,New Zealand,Australia,20.5,GD Elliott,LRPL Taylor,MA Starc,3,0,3,NA,0,NA,NA,NA,0
656495,1st innings,New Zealand,Australia,20.6,LRPL Taylor,GD Elliott,MA Starc,0,0,0,NA,0,NA,NA,NA,0
656495,1st innings,New Zealand,Australia,21.1,GD Elliott,LRPL Taylor,GJ Maxwell,4,0,4,NA,0,NA,NA,NA,0
656495,1st innings,New Zealand,Australia,21.2,GD Elliott,LRPL Taylor,GJ Maxwell,1,0,1,NA,0,NA,NA,NA,0
656495,1st innings,New Zealand,Australia,21.3,LRPL Taylor,GD Elliott,GJ Maxwell,0,0,0,NA,0,NA,NA,NA,0
656495,1st innings,New Zealand,Australia,21.4,LRPL Taylor,GD Elliott,GJ Maxwell,0,0,0,NA,0,NA,NA,NA,0
656495,1st innings,New Zealand,Australia,21.5,LRPL Taylor,GD Elliott,GJ Maxwell,1,0,1,NA,0,NA,NA,NA,0
656495,1st innings,New Zealand,Australia,21.6,GD Elliott,LRPL Taylor,GJ Maxwell,1,0,1,NA,0,NA,NA,NA,0
656495,1st innings,New Zealand,Australia,22.1,GD Elliott,LRPL Taylor,MA Starc,0,0,0,NA,0,NA,NA,NA,0
656495,1st innings,New Zealand,Australia,22.2,GD Elliott,LRPL Taylor,MA Starc,0,0,0,NA,0,NA,NA,NA,0
656495,1st innings,New Zealand,Australia,22.3,GD Elliott,LRPL Taylor,MA Starc,0,0,0,NA,0,NA,NA,NA,0
656495,1st innings,New Zealand,Australia,22.4,GD Elliott,LRPL Taylor,MA Starc,6,0,6,NA,0,NA,NA,NA,0
656495,1st innings,New Zealand,Australia,22.5,GD Elliott,LRPL Taylor,MA Starc,0,0,0,NA,0,NA,NA,NA,0
656495,1st innings,New Zealand,Australia,22.6,GD Elliott,LRPL Taylor,MA Starc,0,0,0,NA,0,NA,NA,NA,0
656495,1st innings,New Zealand,Australia,23.1,LRPL Taylor,GD Elliott,JP Faulkner,0,0,0,NA,0,NA,NA,NA,0
656495,1st innings,New Zealand,Australia,23.2,LRPL Taylor,GD Elliott,JP Faulkner,1,0,1,NA,0,NA,NA,NA,0
656495,1st innings,New Zealand,Australia,23.3,GD Elliott,LRPL Taylor,JP Faulkner,0,0,0,NA,0,NA,NA,NA,0
656495,1st innings,New Zealand,Australia,23.4,GD Elliott,LRPL Taylor,JP Faulkner,4,0,4,NA,0,NA,NA,NA,0
656495,1st innings,New Zealand,Australia,23.5,GD Elliott,LRPL Taylor,JP Faulkner,1,0,1,NA,0,NA,NA,NA,0
656495,1st innings,New Zealand,Australia,23.6,LRPL Taylor,GD Elliott,JP Faulkner,0,0,0,NA,0,NA,NA,NA,0
656495,1st innings,New Zealand,Australia,24.1,GD Elliott,LRPL Taylor,SR Watson,0,0,0,NA,0,NA,NA,NA,0
656495,1st innings,New Zealand,Australia,24.2,GD Elliott,LRPL Taylor,SR Watson,0,0,0,NA,0,NA,NA,NA,0
656495,1st innings,New Zealand,Australia,24.3,GD Elliott,LRPL Taylor,SR Watson,0,0,0,NA,0,NA,NA,NA,0
656495,1st innings,New Zealand,Australia,24.4,GD Elliott,LRPL Taylor,SR Watson,2,0,2,NA,0,NA,NA,NA,0
656495,1st innings,New Zealand,Australia,24.5,GD Elliott,LRPL Taylor,SR Watson,0,0,0,NA,0,NA,NA,NA,0
656495,1st innings,New Zealand,Australia,24.6,GD Elliott,LRPL Taylor,SR Watson,2,0,2,NA,0,NA,NA,NA,0
656495,1st innings,New Zealand,Australia,25.1,LRPL Taylor,GD Elliott,JP Faulkner,1,0,1,NA,0,NA,NA,NA,0
656495,1st innings,New Zealand,Australia,25.2,GD Elliott,LRPL Taylor,JP Faulkner,0,0,0,NA,0,NA,NA,NA,0
656495,1st innings,New Zealand,Australia,25.3,GD Elliott,LRPL Taylor,JP Faulkner,4,0,4,NA,0,NA,NA,NA,0
656495,1st innings,New Zealand,Australia,25.4,GD Elliott,LRPL Taylor,JP Faulkner,0,0,0,NA,0,NA,NA,NA,0
656495,1st innings,New Zealand,Australia,25.5,GD Elliott,LRPL Taylor,JP Faulkner,1,0,1,NA,0,NA,NA,NA,0
656495,1st innings,New Zealand,Australia,25.6,LRPL Taylor,GD Elliott,JP Faulkner,0,0,0,NA,0,NA,NA,NA,0
656495,1st innings,New Zealand,Australia,26.1,GD Elliott,LRPL Taylor,SR Watson,0,0,0,NA,0,NA,NA,NA,0
656495,1st innings,New Zealand,Australia,26.2,GD Elliott,LRPL Taylor,SR Watson,1,0,1,NA,0,NA,NA,NA,0
656495,1st innings,New Zealand,Australia,26.3,LRPL Taylor,GD Elliott,SR Watson,4,0,4,NA,0,NA,NA,NA,0
656495,1st innings,New Zealand,Australia,26.4,LRPL Taylor,GD Elliott,SR Watson,0,0,0,NA,0,NA,NA,NA,0
656495,1st innings,New Zealand,Australia,26.5,LRPL Taylor,GD Elliott,SR Watson,0,1,1,wides,0,NA,NA,NA,0
656495,1st innings,New Zealand,Australia,26.6,LRPL Taylor,GD Elliott,SR Watson,1,0,1,NA,0,NA,NA,NA,0
656495,1st innings,New Zealand,Australia,26.7,GD Elliott,LRPL Taylor,SR Watson,2,0,2,NA,0,NA,NA,NA,0
656495,1st innings,New Zealand,Australia,27.1,LRPL Taylor,GD Elliott,GJ Maxwell,1,0,1,NA,0,NA,NA,NA,0
656495,1st innings,New Zealand,Australia,27.2,GD Elliott,LRPL Taylor,GJ Maxwell,1,0,1,NA,0,NA,NA,NA,0
656495,1st innings,New Zealand,Australia,27.3,LRPL Taylor,GD Elliott,GJ Maxwell,1,0,1,NA,0,NA,NA,NA,0
656495,1st innings,New Zealand,Australia,27.4,GD Elliott,LRPL Taylor,GJ Maxwell,1,0,1,NA,0,NA,NA,NA,0
656495,1st innings,New Zealand,Australia,27.5,LRPL Taylor,GD Elliott,GJ Maxwell,0,1,1,wides,0,NA,NA,NA,0
656495,1st innings,New Zealand,Australia,27.6,LRPL Taylor,GD Elliott,GJ Maxwell,1,0,1,NA,0,NA,NA,NA,0
656495,1st innings,New Zealand,Australia,27.7,GD Elliott,LRPL Taylor,GJ Maxwell,1,0,1,NA,0,NA,NA,NA,0
656495,1st innings,New Zealand,Australia,28.1,GD Elliott,LRPL Taylor,MG Johnson,0,1,1,legbyes,0,NA,NA,NA,0
656495,1st innings,New Zealand,Australia,28.2,LRPL Taylor,GD Elliott,MG Johnson,0,0,0,NA,0,NA,NA,NA,0
656495,1st innings,New Zealand,Australia,28.3,LRPL Taylor,GD Elliott,MG Johnson,0,0,0,NA,0,NA,NA,NA,0
656495,1st innings,New Zealand,Australia,28.4,LRPL Taylor,GD Elliott,MG Johnson,0,0,0,NA,0,NA,NA,NA,0
656495,1st innings,New Zealand,Australia,28.5,LRPL Taylor,GD Elliott,MG Johnson,1,0,1,NA,0,NA,NA,NA,0
656495,1st innings,New Zealand,Australia,28.6,GD Elliott,LRPL Taylor,MG Johnson,1,0,1,NA,0,NA,NA,NA,0
656495,1st innings,New Zealand,Australia,29.1,GD Elliott,LRPL Taylor,GJ Maxwell,0,0,0,NA,0,NA,NA,NA,0
656495,1st innings,New Zealand,Australia,29.2,GD Elliott,LRPL Taylor,GJ Maxwell,2,0,2,NA,0,NA,NA,NA,0
656495,1st innings,New Zealand,Australia,29.3,GD Elliott,LRPL Taylor,GJ Maxwell,0,0,0,NA,0,NA,NA,NA,0
656495,1st innings,New Zealand,Australia,29.4,GD Elliott,LRPL Taylor,GJ Maxwell,1,0,1,NA,0,NA,NA,NA,0
656495,1st innings,New Zealand,Australia,29.5,LRPL Taylor,GD Elliott,GJ Maxwell,0,0,0,NA,0,NA,NA,NA,0
656495,1st innings,New Zealand,Australia,29.6,LRPL Taylor,GD Elliott,GJ Maxwell,0,0,0,NA,0,NA,NA,NA,0
656495,1st innings,New Zealand,Australia,30.1,GD Elliott,LRPL Taylor,MG Johnson,1,0,1,NA,0,NA,NA,NA,0
656495,1st innings,New Zealand,Australia,30.2,LRPL Taylor,GD Elliott,MG Johnson,1,0,1,NA,0,NA,NA,NA,0
656495,1st innings,New Zealand,Australia,30.3,GD Elliott,LRPL Taylor,MG Johnson,1,0,1,NA,0,NA,NA,NA,0
656495,1st innings,New Zealand,Australia,30.4,LRPL Taylor,GD Elliott,MG Johnson,0,0,0,NA,0,NA,NA,NA,0
656495,1st innings,New Zealand,Australia,30.5,LRPL Taylor,GD Elliott,MG Johnson,1,0,1,NA,0,NA,NA,NA,0
656495,1st innings,New Zealand,Australia,30.6,GD Elliott,LRPL Taylor,MG Johnson,1,0,1,NA,0,NA,NA,NA,0
656495,1st innings,New Zealand,Australia,31.1,GD Elliott,LRPL Taylor,GJ Maxwell,2,0,2,NA,0,NA,NA,NA,0
656495,1st innings,New Zealand,Australia,31.2,GD Elliott,LRPL Taylor,GJ Maxwell,1,0,1,NA,0,NA,NA,NA,0
656495,1st innings,New Zealand,Australia,31.3,LRPL Taylor,GD Elliott,GJ Maxwell,0,0,0,NA,0,NA,NA,NA,0
656495,1st innings,New Zealand,Australia,31.4,LRPL Taylor,GD Elliott,GJ Maxwell,1,0,1,NA,0,NA,NA,NA,0
656495,1st innings,New Zealand,Australia,31.5,GD Elliott,LRPL Taylor,GJ Maxwell,1,0,1,NA,0,NA,NA,NA,0
656495,1st innings,New Zealand,Australia,31.6,LRPL Taylor,GD Elliott,GJ Maxwell,1,0,1,NA,0,NA,NA,NA,0
656495,1st innings,New Zealand,Australia,32.1,LRPL Taylor,GD Elliott,SR Watson,0,0,0,NA,0,NA,NA,NA,0
656495,1st innings,New Zealand,Australia,32.2,LRPL Taylor,GD Elliott,SR Watson,0,0,0,NA,0,NA,NA,NA,0
656495,1st innings,New Zealand,Australia,32.3,LRPL Taylor,GD Elliott,SR Watson,0,0,0,NA,0,NA,NA,NA,0
656495,1st innings,New Zealand,Australia,32.4,LRPL Taylor,GD Elliott,SR Watson,0,0,0,NA,0,NA,NA,NA,0
656495,1st innings,New Zealand,Australia,32.5,LRPL Taylor,GD Elliott,SR Watson,1,0,1,NA,0,NA,NA,NA,0
656495,1st innings,New Zealand,Australia,32.6,GD Elliott,LRPL Taylor,SR Watson,1,0,1,NA,0,NA,NA,NA,0
656495,1st innings,New Zealand,Australia,33.1,GD Elliott,LRPL Taylor,JR Hazlewood,4,0,4,NA,0,NA,NA,NA,0
656495,1st innings,New Zealand,Australia,33.2,GD Elliott,LRPL Taylor,JR Hazlewood,1,0,1,NA,0,NA,NA,NA,0
656495,1st innings,New Zealand,Australia,33.3,LRPL Taylor,GD Elliott,JR Hazlewood,1,0,1,NA,0,NA,NA,NA,0
656495,1st innings,New Zealand,Australia,33.4,GD Elliott,LRPL Taylor,JR Hazlewood,1,0,1,NA,0,NA,NA,NA,0
656495,1st innings,New Zealand,Australia,33.5,LRPL Taylor,GD Elliott,JR Hazlewood,0,0,0,NA,0,NA,NA,NA,0
656495,1st innings,New Zealand,Australia,33.6,LRPL Taylor,GD Elliott,JR Hazlewood,1,0,1,NA,0,NA,NA,NA,0
656495,1st innings,New Zealand,Australia,34.1,LRPL Taylor,GD Elliott,SR Watson,0,1,1,wides,0,NA,NA,NA,0
656495,1st innings,New Zealand,Australia,34.2,LRPL Taylor,GD Elliott,SR Watson,0,0,0,NA,0,NA,NA,NA,0
656495,1st innings,New Zealand,Australia,34.3,LRPL Taylor,GD Elliott,SR Watson,2,0,2,NA,0,NA,NA,NA,0
656495,1st innings,New Zealand,Australia,34.4,LRPL Taylor,GD Elliott,SR Watson,0,0,0,NA,0,NA,NA,NA,0
656495,1st innings,New Zealand,Australia,34.5,LRPL Taylor,GD Elliott,SR Watson,1,0,1,NA,0,NA,NA,NA,0
656495,1st innings,New Zealand,Australia,34.6,GD Elliott,LRPL Taylor,SR Watson,4,0,4,NA,0,NA,NA,NA,0
656495,1st innings,New Zealand,Australia,34.7,GD Elliott,LRPL Taylor,SR Watson,0,0,0,NA,0,NA,NA,NA,0
656495,1st innings,New Zealand,Australia,35.1,LRPL Taylor,GD Elliott,JP Faulkner,0,0,0,NA,1,caught,LRPL Taylor,BJ Haddin,0
656495,1st innings,New Zealand,Australia,35.2,CJ Anderson,GD Elliott,JP Faulkner,0,0,0,NA,0,NA,NA,NA,0
656495,1st innings,New Zealand,Australia,35.3,CJ Anderson,GD Elliott,JP Faulkner,0,0,0,NA,1,bowled,CJ Anderson,NA,0
656495,1st innings,New Zealand,Australia,35.4,L Ronchi,GD Elliott,JP Faulkner,0,0,0,NA,0,NA,NA,NA,0
656495,1st innings,New Zealand,Australia,35.5,L Ronchi,GD Elliott,JP Faulkner,0,0,0,NA,0,NA,NA,NA,0
656495,1st innings,New Zealand,Australia,35.6,L Ronchi,GD Elliott,JP Faulkner,0,0,0,NA,0,NA,NA,NA,0
656495,1st innings,New Zealand,Australia,36.1,GD Elliott,L Ronchi,MA Starc,1,0,1,NA,0,NA,NA,NA,0
656495,1st innings,New Zealand,Australia,36.2,L Ronchi,GD Elliott,MA Starc,0,0,0,NA,1,caught,L Ronchi,MJ Clarke,0
656495,1st innings,New Zealand,Australia,36.3,DL Vettori,GD Elliott,MA Starc,0,0,0,NA,0,NA,NA,NA,0
656495,1st innings,New Zealand,Australia,36.4,DL Vettori,GD Elliott,MA Starc,0,0,0,NA,0,NA,NA,NA,0
656495,1st innings,New Zealand,Australia,36.5,DL Vettori,GD Elliott,MA Starc,0,0,0,NA,0,NA,NA,NA,0
656495,1st innings,New Zealand,Australia,36.6,DL Vettori,GD Elliott,MA Starc,0,0,0,NA,0,NA,NA,NA,0
656495,1st innings,New Zealand,Australia,37.1,GD Elliott,DL Vettori,JP Faulkner,0,1,1,legbyes,0,NA,NA,NA,0
656495,1st innings,New Zealand,Australia,37.2,DL Vettori,GD Elliott,JP Faulkner,0,0,0,NA,0,NA,NA,NA,0
656495,1st innings,New Zealand,Australia,37.3,DL Vettori,GD Elliott,JP Faulkner,0,0,0,NA,0,NA,NA,NA,0
656495,1st innings,New Zealand,Australia,37.4,DL Vettori,GD Elliott,JP Faulkner,4,0,4,NA,0,NA,NA,NA,0
656495,1st innings,New Zealand,Australia,37.5,DL Vettori,GD Elliott,JP Faulkner,0,0,0,NA,0,NA,NA,NA,0
656495,1st innings,New Zealand,Australia,37.6,DL Vettori,GD Elliott,JP Faulkner,1,0,1,NA,0,NA,NA,NA,0
656495,1st innings,New Zealand,Australia,38.1,DL Vettori,GD Elliott,MA Starc,0,0,0,NA,0,NA,NA,NA,0
656495,1st innings,New Zealand,Australia,38.2,DL Vettori,GD Elliott,MA Starc,2,0,2,NA,0,NA,NA,NA,0
656495,1st innings,New Zealand,Australia,38.3,DL Vettori,GD Elliott,MA Starc,0,0,0,NA,0,NA,NA,NA,0
656495,1st innings,New Zealand,Australia,38.4,DL Vettori,GD Elliott,MA Starc,0,0,0,NA,0,NA,NA,NA,0
656495,1st innings,New Zealand,Australia,38.5,DL Vettori,GD Elliott,MA Starc,0,0,0,NA,0,NA,NA,NA,0
656495,1st innings,New Zealand,Australia,38.6,DL Vettori,GD Elliott,MA Starc,0,0,0,NA,0,NA,NA,NA,0
656495,1st innings,New Zealand,Australia,39.1,GD Elliott,DL Vettori,JP Faulkner,0,0,0,NA,0,NA,NA,NA,0
656495,1st innings,New Zealand,Australia,39.2,GD Elliott,DL Vettori,JP Faulkner,4,0,4,NA,0,NA,NA,NA,0
656495,1st innings,New Zealand,Australia,39.3,GD Elliott,DL Vettori,JP Faulkner,1,0,1,NA,0,NA,NA,NA,0
656495,1st innings,New Zealand,Australia,39.4,DL Vettori,GD Elliott,JP Faulkner,0,0,0,NA,0,NA,NA,NA,0
656495,1st innings,New Zealand,Australia,39.5,DL Vettori,GD Elliott,JP Faulkner,0,0,0,NA,0,NA,NA,NA,0
656495,1st innings,New Zealand,Australia,39.6,DL Vettori,GD Elliott,JP Faulkner,1,0,1,NA,0,NA,NA,NA,0
656495,1st innings,New Zealand,Australia,40.1,DL Vettori,GD Elliott,MG Johnson,0,0,0,NA,0,NA,NA,NA,0
656495,1st innings,New Zealand,Australia,40.2,DL Vettori,GD Elliott,MG Johnson,1,0,1,NA,0,NA,NA,NA,0
656495,1st innings,New Zealand,Australia,40.3,GD Elliott,DL Vettori,MG Johnson,0,0,0,NA,0,NA,NA,NA,0
656495,1st innings,New Zealand,Australia,40.4,GD Elliott,DL Vettori,MG Johnson,0,0,0,NA,0,NA,NA,NA,0
656495,1st innings,New Zealand,Australia,40.5,GD Elliott,DL Vettori,MG Johnson,1,0,1,NA,0,NA,NA,NA,0
656495,1st innings,New Zealand,Australia,40.6,DL Vettori,GD Elliott,MG Johnson,0,0,0,NA,1,bowled,DL Vettori,NA,0
656495,1st innings,New Zealand,Australia,41.1,GD Elliott,TG Southee,JP Faulkner,4,0,4,NA,0,NA,NA,NA,0
656495,1st innings,New Zealand,Australia,41.2,GD Elliott,TG Southee,JP Faulkner,0,0,0,NA,0,NA,NA,NA,0
656495,1st innings,New Zealand,Australia,41.3,GD Elliott,TG Southee,JP Faulkner,0,0,0,NA,0,NA,NA,NA,0
656495,1st innings,New Zealand,Australia,41.4,GD Elliott,TG Southee,JP Faulkner,0,0,0,NA,0,NA,NA,NA,0
656495,1st innings,New Zealand,Australia,41.5,GD Elliott,TG Southee,JP Faulkner,0,0,0,NA,1,caught,GD Elliott,BJ Haddin,0
656495,1st innings,New Zealand,Australia,41.6,MJ Henry,TG Southee,JP Faulkner,0,0,0,NA,0,NA,NA,NA,0
656495,1st innings,New Zealand,Australia,42.1,TG Southee,MJ Henry,MG Johnson,6,0,6,NA,0,NA,NA,NA,0
656495,1st innings,New Zealand,Australia,42.2,TG Southee,MJ Henry,MG Johnson,0,0,0,NA,0,NA,NA,NA,0
656495,1st innings,New Zealand,Australia,42.3,TG Southee,MJ Henry,MG Johnson,1,0,1,NA,0,NA,NA,NA,0
656495,1st innings,New Zealand,Australia,42.4,MJ Henry,TG Southee,MG Johnson,0,0,0,NA,0,NA,NA,NA,0
656495,1st innings,New Zealand,Australia,42.5,MJ Henry,TG Southee,MG Johnson,0,0,0,NA,0,NA,NA,NA,0
656495,1st innings,New Zealand,Australia,42.6,MJ Henry,TG Southee,MG Johnson,0,0,0,NA,0,NA,NA,NA,0
656495,1st innings,New Zealand,Australia,43.1,TG Southee,MJ Henry,JP Faulkner,0,0,0,NA,0,NA,NA,NA,0
656495,1st innings,New Zealand,Australia,43.2,TG Southee,MJ Henry,JP Faulkner,0,0,0,NA,0,NA,NA,NA,0
656495,1st innings,New Zealand,Australia,43.3,TG Southee,MJ Henry,JP Faulkner,0,0,0,NA,0,NA,NA,NA,0
656495,1st innings,New Zealand,Australia,43.4,TG Southee,MJ Henry,JP Faulkner,0,0,0,NA,0,NA,NA,NA,0
656495,1st innings,New Zealand,Australia,43.5,TG Southee,MJ Henry,JP Faulkner,3,0,3,NA,0,NA,NA,NA,0
656495,1st innings,New Zealand,Australia,43.6,MJ Henry,TG Southee,JP Faulkner,0,0,0,NA,0,NA,NA,NA,0
656495,1st innings,New Zealand,Australia,44.1,TG Southee,MJ Henry,MG Johnson,0,0,0,NA,0,NA,NA,NA,0
656495,1st innings,New Zealand,Australia,44.2,TG Southee,MJ Henry,MG Johnson,0,0,0,NA,0,NA,NA,NA,0
656495,1st innings,New Zealand,Australia,44.3,TG Southee,MJ Henry,MG Johnson,1,0,1,NA,0,NA,NA,NA,0
656495,1st innings,New Zealand,Australia,44.4,MJ Henry,TG Southee,MG Johnson,0,0,0,NA,0,NA,NA,NA,0
656495,1st innings,New Zealand,Australia,44.5,MJ Henry,TG Southee,MG Johnson,0,0,0,NA,1,caught,MJ Henry,MA Starc,0
656495,1st innings,New Zealand,Australia,44.6,TA Boult,TG Southee,MG Johnson,0,1,1,wides,0,NA,NA,NA,0
656495,1st innings,New Zealand,Australia,44.7,TA Boult,TG Southee,MG Johnson,0,0,0,NA,1,run out,TG Southee,GJ Maxwell,0
656495,2nd innings,Australia,New Zealand,0.1,DA Warner,AJ Finch,TG Southee,0,0,0,NA,0,NA,NA,NA,1
656495,2nd innings,Australia,New Zealand,0.2,DA Warner,AJ Finch,TG Southee,1,0,1,NA,0,NA,NA,NA,1
656495,2nd innings,Australia,New Zealand,0.3,AJ Finch,DA Warner,TG Southee,0,0,0,NA,0,NA,NA,NA,1
656495,2nd innings,Australia,New Zealand,0.4,AJ Finch,DA Warner,TG Southee,0,0,0,NA,0,NA,NA,NA,1
656495,2nd innings,Australia,New Zealand,0.5,AJ Finch,DA Warner,TG Southee,0,0,0,NA,0,NA,NA,NA,1
656495,2nd innings,Australia,New Zealand,0.6,AJ Finch,DA Warner,TG Southee,0,0,0,NA,0,NA,NA,NA,1
656495,2nd innings,Australia,New Zealand,1.1,DA Warner,AJ Finch,TA Boult,0,0,0,NA,0,NA,NA,NA,1
656495,2nd innings,Australia,New Zealand,1.2,DA Warner,AJ Finch,TA Boult,0,0,0,NA,0,NA,NA,NA,1
656495,2nd innings,Australia,New Zealand,1.3,DA Warner,AJ Finch,TA Boult,1,0,1,NA,0,NA,NA,NA,1
656495,2nd innings,Australia,New Zealand,1.4,AJ Finch,DA Warner,TA Boult,0,0,0,NA,1,caught and bowled,AJ Finch,NA,1
656495,2nd innings,Australia,New Zealand,1.5,SPD Smith,DA Warner,TA Boult,0,0,0,NA,0,NA,NA,NA,1
656495,2nd innings,Australia,New Zealand,1.6,SPD Smith,DA Warner,TA Boult,0,0,0,NA,0,NA,NA,NA,1
656495,2nd innings,Australia,New Zealand,2.1,DA Warner,SPD Smith,TG Southee,0,0,0,NA,0,NA,NA,NA,1
656495,2nd innings,Australia,New Zealand,2.2,DA Warner,SPD Smith,TG Southee,2,0,2,NA,0,NA,NA,NA,1
656495,2nd innings,Australia,New Zealand,2.3,DA Warner,SPD Smith,TG Southee,2,0,2,NA,0,NA,NA,NA,1
656495,2nd innings,Australia,New Zealand,2.4,DA Warner,SPD Smith,TG Southee,2,0,2,NA,0,NA,NA,NA,1
656495,2nd innings,Australia,New Zealand,2.5,DA Warner,SPD Smith,TG Southee,0,0,0,NA,0,NA,NA,NA,1
656495,2nd innings,Australia,New Zealand,2.6,DA Warner,SPD Smith,TG Southee,1,0,1,NA,0,NA,NA,NA,1
656495,2nd innings,Australia,New Zealand,3.1,DA Warner,SPD Smith,TA Boult,2,0,2,NA,0,NA,NA,NA,1
656495,2nd innings,Australia,New Zealand,3.2,DA Warner,SPD Smith,TA Boult,0,0,0,NA,0,NA,NA,NA,1
656495,2nd innings,Australia,New Zealand,3.3,DA Warner,SPD Smith,TA Boult,4,0,4,NA,0,NA,NA,NA,1
656495,2nd innings,Australia,New Zealand,3.4,DA Warner,SPD Smith,TA Boult,0,0,0,NA,0,NA,NA,NA,1
656495,2nd innings,Australia,New Zealand,3.5,DA Warner,SPD Smith,TA Boult,0,0,0,NA,0,NA,NA,NA,1
656495,2nd innings,Australia,New Zealand,3.6,DA Warner,SPD Smith,TA Boult,0,3,3,legbyes,0,NA,NA,NA,1
656495,2nd innings,Australia,New Zealand,4.1,DA Warner,SPD Smith,TG Southee,4,0,4,NA,0,NA,NA,NA,1
656495,2nd innings,Australia,New Zealand,4.2,DA Warner,SPD Smith,TG Southee,4,0,4,NA,0,NA,NA,NA,1
656495,2nd innings,Australia,New Zealand,4.3,DA Warner,SPD Smith,TG Southee,4,0,4,NA,0,NA,NA,NA,1
656495,2nd innings,Australia,New Zealand,4.4,DA Warner,SPD Smith,TG Southee,1,0,1,NA,0,NA,NA,NA,1
656495,2nd innings,Australia,New Zealand,4.5,SPD Smith,DA Warner,TG Southee,0,1,1,wides,0,NA,NA,NA,1
656495,2nd innings,Australia,New Zealand,4.6,SPD Smith,DA Warner,TG Southee,0,0,0,NA,0,NA,NA,NA,1
656495,2nd innings,Australia,New Zealand,4.7,SPD Smith,DA Warner,TG Southee,1,0,1,NA,0,NA,NA,NA,1
656495,2nd innings,Australia,New Zealand,5.1,SPD Smith,DA Warner,TA Boult,0,0,0,NA,0,NA,NA,NA,1
656495,2nd innings,Australia,New Zealand,5.2,SPD Smith,DA Warner,TA Boult,0,0,0,NA,0,NA,NA,NA,1
656495,2nd innings,Australia,New Zealand,5.3,SPD Smith,DA Warner,TA Boult,0,0,0,NA,0,NA,NA,NA,1
656495,2nd innings,Australia,New Zealand,5.4,SPD Smith,DA Warner,TA Boult,0,0,0,NA,0,NA,NA,NA,1
656495,2nd innings,Australia,New Zealand,5.5,SPD Smith,DA Warner,TA Boult,4,0,4,NA,0,NA,NA,NA,1
656495,2nd innings,Australia,New Zealand,5.6,SPD Smith,DA Warner,TA Boult,1,0,1,NA,0,NA,NA,NA,1
656495,2nd innings,Australia,New Zealand,6.1,SPD Smith,DA Warner,DL Vettori,0,0,0,NA,0,NA,NA,NA,1
656495,2nd innings,Australia,New Zealand,6.2,SPD Smith,DA Warner,DL Vettori,0,0,0,NA,0,NA,NA,NA,1
656495,2nd innings,Australia,New Zealand,6.3,SPD Smith,DA Warner,DL Vettori,3,0,3,NA,0,NA,NA,NA,1
656495,2nd innings,Australia,New Zealand,6.4,DA Warner,SPD Smith,DL Vettori,0,0,0,NA,0,NA,NA,NA,1
656495,2nd innings,Australia,New Zealand,6.5,DA Warner,SPD Smith,DL Vettori,0,0,0,NA,0,NA,NA,NA,1
656495,2nd innings,Australia,New Zealand,6.6,DA Warner,SPD Smith,DL Vettori,0,0,0,NA,0,NA,NA,NA,1
656495,2nd innings,Australia,New Zealand,7.1,SPD Smith,DA Warner,TA Boult,0,0,0,NA,0,NA,NA,NA,1
656495,2nd innings,Australia,New Zealand,7.2,SPD Smith,DA Warner,TA Boult,2,0,2,NA,0,NA,NA,NA,1
656495,2nd innings,Australia,New Zealand,7.3,SPD Smith,DA Warner,TA Boult,1,0,1,NA,0,NA,NA,NA,1
656495,2nd innings,Australia,New Zealand,7.4,DA Warner,SPD Smith,TA Boult,0,0,0,NA,0,NA,NA,NA,1
656495,2nd innings,Australia,New Zealand,7.5,DA Warner,SPD Smith,TA Boult,1,0,1,NA,0,NA,NA,NA,1
656495,2nd innings,Australia,New Zealand,7.6,SPD Smith,DA Warner,TA Boult,0,0,0,NA,0,NA,NA,NA,1
656495,2nd innings,Australia,New Zealand,8.1,DA Warner,SPD Smith,MJ Henry,4,0,4,NA,0,NA,NA,NA,1
656495,2nd innings,Australia,New Zealand,8.2,DA Warner,SPD Smith,MJ Henry,0,0,0,NA,0,NA,NA,NA,1
656495,2nd innings,Australia,New Zealand,8.3,DA Warner,SPD Smith,MJ Henry,0,0,0,NA,0,NA,NA,NA,1
656495,2nd innings,Australia,New Zealand,8.4,DA Warner,SPD Smith,MJ Henry,0,0,0,NA,0,NA,NA,NA,1
656495,2nd innings,Australia,New Zealand,8.5,DA Warner,SPD Smith,MJ Henry,0,0,0,NA,0,NA,NA,NA,1
656495,2nd innings,Australia,New Zealand,8.6,DA Warner,SPD Smith,MJ Henry,0,0,0,NA,0,NA,NA,NA,1
656495,2nd innings,Australia,New Zealand,9.1,SPD Smith,DA Warner,TA Boult,0,0,0,NA,0,NA,NA,NA,1
656495,2nd innings,Australia,New Zealand,9.2,SPD Smith,DA Warner,TA Boult,1,0,1,NA,0,NA,NA,NA,1
656495,2nd innings,Australia,New Zealand,9.3,DA Warner,SPD Smith,TA Boult,4,0,4,NA,0,NA,NA,NA,1
656495,2nd innings,Australia,New Zealand,9.4,DA Warner,SPD Smith,TA Boult,0,0,0,NA,0,NA,NA,NA,1
656495,2nd innings,Australia,New Zealand,9.5,DA Warner,SPD Smith,TA Boult,2,0,2,NA,0,NA,NA,NA,1
656495,2nd innings,Australia,New Zealand,9.6,DA Warner,SPD Smith,TA Boult,0,0,0,NA,0,NA,NA,NA,1
656495,2nd innings,Australia,New Zealand,10.1,SPD Smith,DA Warner,MJ Henry,0,0,0,NA,0,NA,NA,NA,1
656495,2nd innings,Australia,New Zealand,10.2,SPD Smith,DA Warner,MJ Henry,0,0,0,NA,0,NA,NA,NA,1
656495,2nd innings,Australia,New Zealand,10.3,SPD Smith,DA Warner,MJ Henry,1,0,1,NA,0,NA,NA,NA,1
656495,2nd innings,Australia,New Zealand,10.4,DA Warner,SPD Smith,MJ Henry,0,0,0,NA,0,NA,NA,NA,1
656495,2nd innings,Australia,New Zealand,10.5,DA Warner,SPD Smith,MJ Henry,0,0,0,NA,0,NA,NA,NA,1
656495,2nd innings,Australia,New Zealand,10.6,DA Warner,SPD Smith,MJ Henry,1,0,1,NA,0,NA,NA,NA,1
656495,2nd innings,Australia,New Zealand,11.1,DA Warner,SPD Smith,TA Boult,0,0,0,NA,0,NA,NA,NA,1
656495,2nd innings,Australia,New Zealand,11.2,DA Warner,SPD Smith,TA Boult,0,0,0,NA,0,NA,NA,NA,1
656495,2nd innings,Australia,New Zealand,11.3,DA Warner,SPD Smith,TA Boult,0,0,0,NA,0,NA,NA,NA,1
656495,2nd innings,Australia,New Zealand,11.4,DA Warner,SPD Smith,TA Boult,0,0,0,NA,0,NA,NA,NA,1
656495,2nd innings,Australia,New Zealand,11.5,DA Warner,SPD Smith,TA Boult,1,0,1,NA,0,NA,NA,NA,1
656495,2nd innings,Australia,New Zealand,11.6,SPD Smith,DA Warner,TA Boult,0,0,0,NA,0,NA,NA,NA,1
656495,2nd innings,Australia,New Zealand,12.1,DA Warner,SPD Smith,MJ Henry,4,0,4,NA,0,NA,NA,NA,1
656495,2nd innings,Australia,New Zealand,12.2,DA Warner,SPD Smith,MJ Henry,0,0,0,NA,1,caught,DA Warner,GD Elliott,1
656495,2nd innings,Australia,New Zealand,12.3,MJ Clarke,SPD Smith,MJ Henry,0,0,0,NA,0,NA,NA,NA,1
656495,2nd innings,Australia,New Zealand,12.4,MJ Clarke,SPD Smith,MJ Henry,0,0,0,NA,0,NA,NA,NA,1
656495,2nd innings,Australia,New Zealand,12.5,MJ Clarke,SPD Smith,MJ Henry,0,0,0,NA,0,NA,NA,NA,1
656495,2nd innings,Australia,New Zealand,12.6,MJ Clarke,SPD Smith,MJ Henry,0,0,0,NA,0,NA,NA,NA,1
656495,2nd innings,Australia,New Zealand,13.1,SPD Smith,MJ Clarke,TA Boult,0,0,0,NA,0,NA,NA,NA,1
656495,2nd innings,Australia,New Zealand,13.2,SPD Smith,MJ Clarke,TA Boult,1,0,1,NA,0,NA,NA,NA,1
656495,2nd innings,Australia,New Zealand,13.3,MJ Clarke,SPD Smith,TA Boult,0,0,0,NA,0,NA,NA,NA,1
656495,2nd innings,Australia,New Zealand,13.4,MJ Clarke,SPD Smith,TA Boult,3,0,3,NA,0,NA,NA,NA,1
656495,2nd innings,Australia,New Zealand,13.5,SPD Smith,MJ Clarke,TA Boult,1,0,1,NA,0,NA,NA,NA,1
656495,2nd innings,Australia,New Zealand,13.6,MJ Clarke,SPD Smith,TA Boult,0,0,0,NA,0,NA,NA,NA,1
656495,2nd innings,Australia,New Zealand,14.1,SPD Smith,MJ Clarke,MJ Henry,0,0,0,NA,0,NA,NA,NA,1
656495,2nd innings,Australia,New Zealand,14.2,SPD Smith,MJ Clarke,MJ Henry,0,0,0,NA,0,NA,NA,NA,1
656495,2nd innings,Australia,New Zealand,14.3,SPD Smith,MJ Clarke,MJ Henry,1,0,1,NA,0,NA,NA,NA,1
656495,2nd innings,Australia,New Zealand,14.4,MJ Clarke,SPD Smith,MJ Henry,0,0,0,NA,0,NA,NA,NA,1
656495,2nd innings,Australia,New Zealand,14.5,MJ Clarke,SPD Smith,MJ Henry,0,0,0,NA,0,NA,NA,NA,1
656495,2nd innings,Australia,New Zealand,14.6,MJ Clarke,SPD Smith,MJ Henry,0,0,0,NA,0,NA,NA,NA,1
656495,2nd innings,Australia,New Zealand,15.1,SPD Smith,MJ Clarke,TG Southee,1,0,1,NA,0,NA,NA,NA,1
656495,2nd innings,Australia,New Zealand,15.2,MJ Clarke,SPD Smith,TG Southee,0,0,0,NA,0,NA,NA,NA,1
656495,2nd innings,Australia,New Zealand,15.3,MJ Clarke,SPD Smith,TG Southee,0,1,1,wides,0,NA,NA,NA,1
656495,2nd innings,Australia,New Zealand,15.4,MJ Clarke,SPD Smith,TG Southee,0,1,1,wides,0,NA,NA,NA,1
656495,2nd innings,Australia,New Zealand,15.5,MJ Clarke,SPD Smith,TG Southee,1,0,1,NA,0,NA,NA,NA,1
656495,2nd innings,Australia,New Zealand,15.6,SPD Smith,MJ Clarke,TG Southee,0,0,0,NA,0,NA,NA,NA,1
656495,2nd innings,Australia,New Zealand,15.7,SPD Smith,MJ Clarke,TG Southee,0,0,0,NA,0,NA,NA,NA,1
656495,2nd innings,Australia,New Zealand,15.8,SPD Smith,MJ Clarke,TG Southee,1,0,1,NA,0,NA,NA,NA,1
656495,2nd innings,Australia,New Zealand,16.1,SPD Smith,MJ Clarke,MJ Henry,1,0,1,NA,0,NA,NA,NA,1
656495,2nd innings,Australia,New Zealand,16.2,MJ Clarke,SPD Smith,MJ Henry,0,0,0,NA,0,NA,NA,NA,1
656495,2nd innings,Australia,New Zealand,16.3,MJ Clarke,SPD Smith,MJ Henry,0,1,1,wides,0,NA,NA,NA,1
656495,2nd innings,Australia,New Zealand,16.4,MJ Clarke,SPD Smith,MJ Henry,0,0,0,NA,0,NA,NA,NA,1
656495,2nd innings,Australia,New Zealand,16.5,MJ Clarke,SPD Smith,MJ Henry,0,0,0,NA,0,NA,NA,NA,1
656495,2nd innings,Australia,New Zealand,16.6,MJ Clarke,SPD Smith,MJ Henry,0,0,0,NA,0,NA,NA,NA,1
656495,2nd innings,Australia,New Zealand,16.7,MJ Clarke,SPD Smith,MJ Henry,0,0,0,NA,0,NA,NA,NA,1
656495,2nd innings,Australia,New Zealand,17.1,SPD Smith,MJ Clarke,TG Southee,0,0,0,NA,0,NA,NA,NA,1
656495,2nd innings,Australia,New Zealand,17.2,SPD Smith,MJ Clarke,TG Southee,1,0,1,NA,0,NA,NA,NA,1
656495,2nd innings,Australia,New Zealand,17.3,MJ Clarke,SPD Smith,TG Southee,0,0,0,NA,0,NA,NA,NA,1
656495,2nd innings,Australia,New Zealand,17.4,MJ Clarke,SPD Smith,TG Southee,4,0,4,NA,0,NA,NA,NA,1
656495,2nd innings,Australia,New Zealand,17.5,MJ Clarke,SPD Smith,TG Southee,0,0,0,NA,0,NA,NA,NA,1
656495,2nd innings,Australia,New Zealand,17.6,MJ Clarke,SPD Smith,TG Southee,2,0,2,NA,0,NA,NA,NA,1
656495,2nd innings,Australia,New Zealand,18.1,SPD Smith,MJ Clarke,MJ Henry,3,0,3,NA,0,NA,NA,NA,1
656495,2nd innings,Australia,New Zealand,18.2,MJ Clarke,SPD Smith,MJ Henry,0,0,0,NA,0,NA,NA,NA,1
656495,2nd innings,Australia,New Zealand,18.3,MJ Clarke,SPD Smith,MJ Henry,0,0,0,NA,0,NA,NA,NA,1
656495,2nd innings,Australia,New Zealand,18.4,MJ Clarke,SPD Smith,MJ Henry,4,0,4,NA,0,NA,NA,NA,1
656495,2nd innings,Australia,New Zealand,18.5,MJ Clarke,SPD Smith,MJ Henry,4,0,4,NA,0,NA,NA,NA,1
656495,2nd innings,Australia,New Zealand,18.6,MJ Clarke,SPD Smith,MJ Henry,1,0,1,NA,0,NA,NA,NA,1
656495,2nd innings,Australia,New Zealand,19.1,MJ Clarke,SPD Smith,DL Vettori,1,0,1,NA,0,NA,NA,NA,1
656495,2nd innings,Australia,New Zealand,19.2,SPD Smith,MJ Clarke,DL Vettori,1,0,1,NA,0,NA,NA,NA,1
656495,2nd innings,Australia,New Zealand,19.3,MJ Clarke,SPD Smith,DL Vettori,0,0,0,NA,0,NA,NA,NA,1
656495,2nd innings,Australia,New Zealand,19.4,MJ Clarke,SPD Smith,DL Vettori,0,0,0,NA,0,NA,NA,NA,1
656495,2nd innings,Australia,New Zealand,19.5,MJ Clarke,SPD Smith,DL Vettori,0,0,0,NA,0,NA,NA,NA,1
656495,2nd innings,Australia,New Zealand,19.6,MJ Clarke,SPD Smith,DL Vettori,1,0,1,NA,0,NA,NA,NA,1
656495,2nd innings,Australia,New Zealand,20.1,MJ Clarke,SPD Smith,MJ Henry,0,0,0,NA,0,NA,NA,NA,1
656495,2nd innings,Australia,New Zealand,20.2,MJ Clarke,SPD Smith,MJ Henry,0,0,0,NA,0,NA,NA,NA,1
656495,2nd innings,Australia,New Zealand,20.3,MJ Clarke,SPD Smith,MJ Henry,1,0,1,NA,0,NA,NA,NA,1
656495,2nd innings,Australia,New Zealand,20.4,SPD Smith,MJ Clarke,MJ Henry,0,0,0,NA,0,NA,NA,NA,1
656495,2nd innings,Australia,New Zealand,20.5,SPD Smith,MJ Clarke,MJ Henry,1,0,1,NA,0,NA,NA,NA,1
656495,2nd innings,Australia,New Zealand,20.6,MJ Clarke,SPD Smith,MJ Henry,0,0,0,NA,0,NA,NA,NA,1
656495,2nd innings,Australia,New Zealand,21.1,SPD Smith,MJ Clarke,DL Vettori,0,0,0,NA,0,NA,NA,NA,1
656495,2nd innings,Australia,New Zealand,21.2,SPD Smith,MJ Clarke,DL Vettori,1,0,1,NA,0,NA,NA,NA,1
656495,2nd innings,Australia,New Zealand,21.3,MJ Clarke,SPD Smith,DL Vettori,1,0,1,NA,0,NA,NA,NA,1
656495,2nd innings,Australia,New Zealand,21.4,SPD Smith,MJ Clarke,DL Vettori,1,0,1,NA,0,NA,NA,NA,1
656495,2nd innings,Australia,New Zealand,21.5,MJ Clarke,SPD Smith,DL Vettori,0,0,0,NA,0,NA,NA,NA,1
656495,2nd innings,Australia,New Zealand,21.6,MJ Clarke,SPD Smith,DL Vettori,0,0,0,NA,0,NA,NA,NA,1
656495,2nd innings,Australia,New Zealand,22.1,SPD Smith,MJ Clarke,MJ Henry,1,0,1,NA,0,NA,NA,NA,1
656495,2nd innings,Australia,New Zealand,22.2,MJ Clarke,SPD Smith,MJ Henry,3,0,3,NA,0,NA,NA,NA,1
656495,2nd innings,Australia,New Zealand,22.3,SPD Smith,MJ Clarke,MJ Henry,1,0,1,NA,0,NA,NA,NA,1
656495,2nd innings,Australia,New Zealand,22.4,MJ Clarke,SPD Smith,MJ Henry,0,0,0,NA,0,NA,NA,NA,1
656495,2nd innings,Australia,New Zealand,22.5,MJ Clarke,SPD Smith,MJ Henry,0,0,0,NA,0,NA,NA,NA,1
656495,2nd innings,Australia,New Zealand,22.6,MJ Clarke,SPD Smith,MJ Henry,4,0,4,NA,0,NA,NA,NA,1
656495,2nd innings,Australia,New Zealand,23.1,SPD Smith,MJ Clarke,CJ Anderson,0,1,1,wides,0,NA,NA,NA,1
656495,2nd innings,Australia,New Zealand,23.2,SPD Smith,MJ Clarke,CJ Anderson,1,0,1,NA,0,NA,NA,NA,1
656495,2nd innings,Australia,New Zealand,23.3,MJ Clarke,SPD Smith,CJ Anderson,3,0,3,NA,0,NA,NA,NA,1
656495,2nd innings,Australia,New Zealand,23.4,SPD Smith,MJ Clarke,CJ Anderson,0,0,0,NA,0,NA,NA,NA,1
656495,2nd innings,Australia,New Zealand,23.5,SPD Smith,MJ Clarke,CJ Anderson,2,0,2,NA,0,NA,NA,NA,1
656495,2nd innings,Australia,New Zealand,23.6,SPD Smith,MJ Clarke,CJ Anderson,0,0,0,NA,0,NA,NA,NA,1
656495,2nd innings,Australia,New Zealand,23.7,SPD Smith,MJ Clarke,CJ Anderson,0,0,0,NA,0,NA,NA,NA,1
656495,2nd innings,Australia,New Zealand,24.1,MJ Clarke,SPD Smith,DL Vettori,1,0,1,NA,0,NA,NA,NA,1
656495,2nd innings,Australia,New Zealand,24.2,SPD Smith,MJ Clarke,DL Vettori,1,0,1,NA,0,NA,NA,NA,1
656495,2nd innings,Australia,New Zealand,24.3,MJ Clarke,SPD Smith,DL Vettori,0,0,0,NA,0,NA,NA,NA,1
656495,2nd innings,Australia,New Zealand,24.4,MJ Clarke,SPD Smith,DL Vettori,2,0,2,NA,0,NA,NA,NA,1
656495,2nd innings,Australia,New Zealand,24.5,MJ Clarke,SPD Smith,DL Vettori,6,0,6,NA,0,NA,NA,NA,1
656495,2nd innings,Australia,New Zealand,24.6,MJ Clarke,SPD Smith,DL Vettori,1,0,1,NA,0,NA,NA,NA,1
656495,2nd innings,Australia,New Zealand,25.1,MJ Clarke,SPD Smith,TA Boult,0,0,0,NA,0,NA,NA,NA,1
656495,2nd innings,Australia,New Zealand,25.2,MJ Clarke,SPD Smith,TA Boult,0,0,0,NA,0,NA,NA,NA,1
656495,2nd innings,Australia,New Zealand,25.3,MJ Clarke,SPD Smith,TA Boult,0,0,0,NA,0,NA,NA,NA,1
656495,2nd innings,Australia,New Zealand,25.4,MJ Clarke,SPD Smith,TA Boult,0,0,0,NA,0,NA,NA,NA,1
656495,2nd innings,Australia,New Zealand,25.5,MJ Clarke,SPD Smith,TA Boult,0,0,0,NA,0,NA,NA,NA,1
656495,2nd innings,Australia,New Zealand,25.6,MJ Clarke,SPD Smith,TA Boult,4,0,4,NA,0,NA,NA,NA,1
656495,2nd innings,Australia,New Zealand,26.1,SPD Smith,MJ Clarke,DL Vettori,1,0,1,NA,0,NA,NA,NA,1
656495,2nd innings,Australia,New Zealand,26.2,MJ Clarke,SPD Smith,DL Vettori,2,0,2,NA,0,NA,NA,NA,1
656495,2nd innings,Australia,New Zealand,26.3,MJ Clarke,SPD Smith,DL Vettori,1,0,1,NA,0,NA,NA,NA,1
656495,2nd innings,Australia,New Zealand,26.4,SPD Smith,MJ Clarke,DL Vettori,1,0,1,NA,0,NA,NA,NA,1
656495,2nd innings,Australia,New Zealand,26.5,MJ Clarke,SPD Smith,DL Vettori,0,0,0,NA,0,NA,NA,NA,1
656495,2nd innings,Australia,New Zealand,26.6,MJ Clarke,SPD Smith,DL Vettori,0,0,0,NA,0,NA,NA,NA,1
656495,2nd innings,Australia,New Zealand,27.1,SPD Smith,MJ Clarke,TA Boult,0,0,0,NA,0,NA,NA,NA,1
656495,2nd innings,Australia,New Zealand,27.2,SPD Smith,MJ Clarke,TA Boult,1,0,1,NA,0,NA,NA,NA,1
656495,2nd innings,Australia,New Zealand,27.3,MJ Clarke,SPD Smith,TA Boult,0,0,0,NA,0,NA,NA,NA,1
656495,2nd innings,Australia,New Zealand,27.4,MJ Clarke,SPD Smith,TA Boult,0,0,0,NA,0,NA,NA,NA,1
656495,2nd innings,Australia,New Zealand,27.5,MJ Clarke,SPD Smith,TA Boult,0,0,0,NA,0,NA,NA,NA,1
656495,2nd innings,Australia,New Zealand,27.6,MJ Clarke,SPD Smith,TA Boult,0,0,0,NA,0,NA,NA,NA,1
656495,2nd innings,Australia,New Zealand,28.1,SPD Smith,MJ Clarke,TG Southee,2,0,2,NA,0,NA,NA,NA,1
656495,2nd innings,Australia,New Zealand,28.2,SPD Smith,MJ Clarke,TG Southee,4,0,4,NA,0,NA,NA,NA,1
656495,2nd innings,Australia,New Zealand,28.3,SPD Smith,MJ Clarke,TG Southee,2,0,2,NA,0,NA,NA,NA,1
656495,2nd innings,Australia,New Zealand,28.4,SPD Smith,MJ Clarke,TG Southee,0,0,0,NA,0,NA,NA,NA,1
656495,2nd innings,Australia,New Zealand,28.5,SPD Smith,MJ Clarke,TG Southee,1,0,1,NA,0,NA,NA,NA,1
656495,2nd innings,Australia,New Zealand,28.6,MJ Clarke,SPD Smith,TG Southee,2,0,2,NA,0,NA,NA,NA,1
656495,2nd innings,Australia,New Zealand,29.1,SPD Smith,MJ Clarke,TA Boult,0,0,0,NA,0,NA,NA,NA,1
656495,2nd innings,Australia,New Zealand,29.2,SPD Smith,MJ Clarke,TA Boult,1,0,1,NA,0,NA,NA,NA,1
656495,2nd innings,Australia,New Zealand,29.3,MJ Clarke,SPD Smith,TA Boult,0,0,0,NA,0,NA,NA,NA,1
656495,2nd innings,Australia,New Zealand,29.4,MJ Clarke,SPD Smith,TA Boult,4,0,4,NA,0,NA,NA,NA,1
656495,2nd innings,Australia,New Zealand,29.5,MJ Clarke,SPD Smith,TA Boult,1,0,1,NA,0,NA,NA,NA,1
656495,2nd innings,Australia,New Zealand,29.6,SPD Smith,MJ Clarke,TA Boult,0,0,0,NA,0,NA,NA,NA,1
656495,2nd innings,Australia,New Zealand,30.1,MJ Clarke,SPD Smith,TG Southee,4,0,4,NA,0,NA,NA,NA,1
656495,2nd innings,Australia,New Zealand,30.2,MJ Clarke,SPD Smith,TG Southee,4,0,4,NA,0,NA,NA,NA,1
656495,2nd innings,Australia,New Zealand,30.3,MJ Clarke,SPD Smith,TG Southee,4,0,4,NA,0,NA,NA,NA,1
656495,2nd innings,Australia,New Zealand,30.4,MJ Clarke,SPD Smith,TG Southee,4,0,4,NA,0,NA,NA,NA,1
656495,2nd innings,Australia,New Zealand,30.5,MJ Clarke,SPD Smith,TG Southee,1,0,1,NA,0,NA,NA,NA,1
656495,2nd innings,Australia,New Zealand,30.6,SPD Smith,MJ Clarke,TG Southee,0,0,0,NA,0,NA,NA,NA,1
656495,2nd innings,Australia,New Zealand,31.1,MJ Clarke,SPD Smith,MJ Henry,0,1,1,wides,0,NA,NA,NA,1
656495,2nd innings,Australia,New Zealand,31.2,MJ Clarke,SPD Smith,MJ Henry,0,0,0,NA,1,bowled,MJ Clarke,NA,1
656495,2nd innings,Australia,New Zealand,31.3,SR Watson,SPD Smith,MJ Henry,0,0,0,NA,0,NA,NA,NA,1
656495,2nd innings,Australia,New Zealand,31.4,SR Watson,SPD Smith,MJ Henry,1,0,1,NA,0,NA,NA,NA,1
656495,2nd innings,Australia,New Zealand,31.5,SPD Smith,SR Watson,MJ Henry,2,0,2,NA,0,NA,NA,NA,1
656495,2nd innings,Australia,New Zealand,31.6,SPD Smith,SR Watson,MJ Henry,2,0,2,NA,0,NA,NA,NA,1
656495,2nd innings,Australia,New Zealand,31.7,SPD Smith,SR Watson,MJ Henry,0,0,0,NA,0,NA,NA,NA,1
656495,2nd innings,Australia,New Zealand,32.1,SR Watson,SPD Smith,TG Southee,0,0,0,NA,0,NA,NA,NA,1
656495,2nd innings,Australia,New Zealand,32.2,SR Watson,SPD Smith,TG Southee,0,0,0,NA,0,NA,NA,NA,1
656495,2nd innings,Australia,New Zealand,32.3,SR Watson,SPD Smith,TG Southee,1,0,1,NA,0,NA,NA,NA,1
656495,2nd innings,Australia,New Zealand,32.4,SPD Smith,SR Watson,TG Southee,0,0,0,NA,0,NA,NA,NA,1
656495,2nd innings,Australia,New Zealand,32.5,SPD Smith,SR Watson,TG Southee,0,0,0,NA,0,NA,NA,NA,1
656495,2nd innings,Australia,New Zealand,32.6,SPD Smith,SR Watson,TG Southee,1,0,1,NA,0,NA,NA,NA,1
656495,2nd innings,Australia,New Zealand,33.1,SPD Smith,SR Watson,MJ Henry,4,0,4,NA,0,NA,NA,NA,1
